{"cameraMode":{"drawMode":0,"name":"Shaded","section":"Shading Mode"},"sceneLighting":false,"audioPlay":false,"sceneViewState":{"m_AlwaysRefresh":false,"showFog":true,"showSkybox":false,"showFlares":true,"showImageEffects":true,"showParticleSystems":true,"showVisualEffectGraphs":true,"m_FxEnabled":true},"in2DMode":false,"pivot":{"x":1253.994384765625,"y":1288.759521484375,"z":-1127.358642578125},"rotation":{"x":0.15263186395168305,"y":0.03229441121220589,"z":-0.004978604149073362,"w":0.9877715110778809},"size":152.31544494628907,"orthographic":false}